{
  "user": [
    {
      "id": "d874",
      "username": "xfbs",
      "email": "727723eucs083@skcet.ac.in",
      "password": "123456"
    },
    {
      "id": "0ebf",
      "mobileNo": "8667524331",
      "email": "iavatar@gmail.com",
      "password": "i_janaa"
    },
    {
      "id": "c3e4",
      "mobileNo": "9629518769",
      "email": "ialone9725@gmail.com",
      "password": "janagan"
    },
    {
      "id": "efd2",
      "mobileNo": "9488765941",
      "email": "sarvesh@gmail.com",
      "password": "753159"
    }
  ]
}